label_id	anchor_x	anchor_y	anchor_z	bb_min_x	bb_min_y	bb_min_z	bb_max_x	bb_max_y	bb_max_z	n_pixels
1.0	8.619188379567928	6.901235827381562	2.5882303638122233	3.79	0.46	0.032	14.68	11.55	7.624	72956702.0
