label_id	anchor_x	anchor_y	anchor_z	bb_min_x	bb_min_y	bb_min_z	bb_max_x	bb_max_y	bb_max_z	n_pixels
1.0	7.988521102454459	11.28405319919439	10.11491504071331	6.6400000000000015	9.312000000000001	8.792	9.448	12.808	11.408	11613033.0
