label_id	anchor_x	anchor_y	anchor_z	bb_min_x	bb_min_y	bb_min_z	bb_max_x	bb_max_y	bb_max_z	n_pixels
1.0	0.0	0.0	0.0	1.438154507889853e+306	1.438154507889853e+306	1.438154507889853e+306	0.0	0.0	0.0	0.0
2.0	7.159097949787268	5.917106395619048	10.089886606239167	5.224	0.5680000000000001	8.52	9.112	9.863999999999999	11.568	1198461.0
3.0	8.023857142857143	2.4021428571428576	8.952	7.992000000000001	2.3680000000000003	8.952	8.064	2.44	8.952	56.0
4.0	8.589032978537778	2.616065957075555	8.866947478625024	8.328	2.176	8.792	8.952	2.92	8.952	22924.0
5.0	8.512	2.168	8.904	8.512	2.168	8.904	8.512	2.168	8.904	1.0
