label_id	anchor_x	anchor_y	anchor_z	bb_min_x	bb_min_y	bb_min_z	bb_max_x	bb_max_y	bb_max_z	n_pixels
1.0	7.489914216473313	9.826024634252043	9.897632506203172	2.16	0.5920000000000001	7.808	11.512	13.255999999999998	12.68	180520277.0
