label_id	tomogram	DMVs	Virions	DMVs Opening	DMS	connectors	Fused DMVs	zER	Peroxisomes	Golgi	VTC	ER	Mitochondria	MVB/Lys	Lamellar Bodies	Lipid droplets	autophagosomes	Glycogen clusters	Nucleus	PM	anchor_x	anchor_y	anchor_z	bb_min_x	bb_min_y	bb_min_z	bb_max_x	bb_max_y	bb_max_z
1.0	1	1	1	0.0	0	1	0	0.0	1	0.0	0	1	0	1	1	0	0.0	1	1	1	1.5642319999999992	1.5642320000000045	0.1293140000000048	0.0	0.0	0.0	3.128464	3.128464	0.258628
2.0	2	1	0	0.0	0	1	1	0.0	0	0.0	0	1	0	0	0	0	0.0	0	1	0	4.917048000000007	1.5642320000000036	0.1293140000000067	3.352816	0.0	0.0	6.481280000000001	3.128464	0.258628
3.0	3	1	1	0.0	1	1	1	0.0	1	0.0	1	1	1	0	0	1	0.0	1	1	0	8.269863999999915	1.5642320000000045	0.1293140000000048	6.7056320000000005	0.0	0.0	9.834096	3.128464	0.258628
4.0	4	1	0	0.0	0	1	0	0.0	1	0.0	0	1	1	0	0	1	0.0	1	0	0	11.622679999999914	1.564232000000002	0.1293140000000041	10.058448	0.0	0.0	13.186912	3.128464	0.258628
5.0	5	1	0	0.0	0	1	1	0.0	1	0.0	0	1	1	0	0	1	0.0	1	0	0	14.97549600000006	1.5642320000000027	0.1293140000000035	13.411264	0.0	0.006232	16.539728	3.128464	0.252396
6.0	6	1	0	0.0	0	0	1	0.0	0	0.0	0	1	1	0	0	1	0.0	1	0	0	18.328311999999915	1.5642319999999998	0.1293140000000024	16.76408	0.0	0.0	19.892544	3.128464	0.258628
7.0	7	1	0	0.0	0	1	0	0.0	0	0.0	0	1	1	0	0	0	0.0	1	0	0	21.6811280000001	1.5642320000000027	0.1293140000000035	20.116896	0.0	0.006232	23.24536	3.128464	0.252396
